year,month,total_revenue,total_orders
2023,11,2763201.949999999,988
2023,12,3360869.910000004,1222
2024,1,3667447.6200000024,1284
2024,2,3300225.4199999995,1173
2024,3,3756172.4800000046,1306
2024,4,3493861.4099999988,1213
2024,5,3590164.64,1267
2024,6,3355548.1300000045,1190
2024,7,3760470.929999994,1320
2024,8,3737818.3199999984,1308
2024,9,3526269.7300000032,1242
2024,10,3772435.389999997,1355
2024,11,411218.8799999999,132
